"k","Accuracy","Kappa","AccuracySD","KappaSD"
5,0.853659295746421,0.0215399829003469,0.00444232412407647,0.0197166162923932
7,0.858155732959305,0.0141881265987243,0.00456911582137062,0.0180019239346611
9,0.859724871517349,0.00392731583587688,0.00375694527500281,0.0104725476382066
11,0.861578452939407,0.00409521345886358,0.00213411163562027,0.00900156578994438
13,0.862077308385824,0.00464423960835279,0.00182589367242995,0.0108755191703908
