"usekernel","laplace","adjust","Accuracy","Kappa","AccuracySD","KappaSD"
FALSE,0,1,0.0232606460588725,0.00635283758749643,0.00576909675707279,0.00602295899669596
TRUE,0,1,0.863576070038657,0.00778780008931856,0.00151059936045079,0.0115895227721718
