"mtry","Accuracy","Kappa","AccuracySD","KappaSD"
2,0.867999965110599,0.0727139150342387,0.00331645280500282,0.0366327729312791
13,0.970389475816208,0.877164988649544,0.00593442967958922,0.025914076450686
24,0.972529405874288,0.887746564139041,0.00493876180146231,0.0207964559200272
35,0.969389476722426,0.87566097018267,0.00591241685786243,0.0244036845602185
46,0.966321359019182,0.864331873068719,0.00637917031774953,0.0258851893575353
