"cost","Accuracy","Kappa","AccuracySD","KappaSD"
0.25,0.881068969862851,0.321238826270175,0.017008035477502,0.044912762538677
0.5,0.87942142123325,0.318701390260821,0.0147940976031464,0.0556552280077161
1,0.873704456270273,0.306168663247335,0.0157918437607973,0.0578151270450071
2,0.879204962402863,0.307797174578577,0.0116847860840556,0.0553528827070838
4,0.86986195065675,0.30500409901183,0.0315541578779528,0.0690492881776355
