"","Accuracy","Kappa"
"Galaxy_testing_resilts",0.984126984126984,0.932661418068875
"iPhone_testing_results",0.974080267558528,0.94889832867929
