"k","Accuracy","Kappa","AccuracySD","KappaSD"
5,0.61889914445908,0.00185963860999733,0.0108770760874936,0.0218783467641415
7,0.640798875596033,-0.00737231989860264,0.010291148811444,0.0171848210999957
9,0.658488508669839,-0.00523749873703491,0.00670347716593554,0.00884982042702204
11,0.665906667244676,-0.0058328809809704,0.00620421067515906,0.00803989967317016
13,0.670543809800019,-0.00276037681806361,0.0041890713500791,0.00606266799842612
