"usekernel","laplace","adjust","Accuracy","Kappa","AccuracySD","KappaSD"
FALSE,0,1,0.100419948867989,0.0353866711878716,0.0202847993899546,0.0211034518784104
TRUE,0,1,0.677963445917974,0.0165744715070347,0.00406130613197637,0.020358478217593
