"mtry","Accuracy","Kappa","AccuracySD","KappaSD"
2,0.696078267219639,0.121136552159768,0.00572378804588802,0.027409973958406
13,0.957061443045529,0.915841614156871,0.00797288268677245,0.0156924491700687
24,0.961553687167342,0.924441876056712,0.00555199755114622,0.0110031711459639
35,0.961410699058899,0.924320280577259,0.00559577835454079,0.0110802122670916
46,0.960269749951126,0.922200499267688,0.00733331137504315,0.0143360727820968
