"cost","Accuracy","Kappa","AccuracySD","KappaSD"
0.25,0.701941533970405,0.239017669755042,0.0450236775632599,0.0585832233169507
0.5,0.710849806548687,0.245642812425283,0.021597788481592,0.0394747773360604
1,0.704817411790903,0.23785097418919,0.0442584931568712,0.0468844792041363
2,0.713477632583981,0.246518345322783,0.0152662998292738,0.0490805963014257
4,0.711618301455956,0.241592304444024,0.0267618474824768,0.0710563963112558
